File,Function,LOC,SLOC-P,SLOC-L,MVG,BLOC,C&SLOC,CLOC,CWORD
C:\Users\Chris\Documents\GitHub\Sign_code_2018\main code\main\Due\Coms.cpp,attach_timer_pos_update(),17,13,11,3,3,4,1,16,
C:\Users\Chris\Documents\GitHub\Sign_code_2018\main code\main\Due\Coms.cpp,set_pos_update_frequency(int freq),15,10,8,3,5,3,0,9,
C:\Users\Chris\Documents\GitHub\Sign_code_2018\main code\main\Due\Coms.cpp,"set_pos_speed(int x_speed, int y_speed)",3,3,3,0,0,2,0,32,
C:\Users\Chris\Documents\GitHub\Sign_code_2018\main code\main\Due\Coms.cpp,send_pos_interrupt(),2,2,2,0,0,1,0,8,
C:\Users\Chris\Documents\GitHub\Sign_code_2018\main code\main\Due\Coms.cpp,Coms::init_software_serial_to_usb_port(),12,9,7,4,2,2,1,19,
C:\Users\Chris\Documents\GitHub\Sign_code_2018\main code\main\Due\Coms.cpp,Coms::init_software_serial_to_usb_port(int speed),15,11,8,6,3,2,1,19,
C:\Users\Chris\Documents\GitHub\Sign_code_2018\main code\main\Due\Coms.cpp,Coms::startup_handshake(),40,30,24,9,9,3,1,31,
C:\Users\Chris\Documents\GitHub\Sign_code_2018\main code\main\Due\Coms.cpp,Coms::send_disp_string_frame(int address),37,20,18,2,13,9,4,148,
C:\Users\Chris\Documents\GitHub\Sign_code_2018\main code\main\Due\Coms.cpp,"Coms::pack_disp_string_frame(int frame_type, int frame_offset)",16,10,8,4,4,5,2,67,
C:\Users\Chris\Documents\GitHub\Sign_code_2018\main code\main\Due\Coms.cpp,Coms::send_pos_frame(int address),27,19,18,2,7,5,1,21,
C:\Users\Chris\Documents\GitHub\Sign_code_2018\main code\main\Due\Coms.cpp,Coms::pack_xy_coordinates(),40,26,21,4,8,13,6,224,
C:\Users\Chris\Documents\GitHub\Sign_code_2018\main code\main\Due\Coms.cpp,Coms::send_all_calibration_data(int address),38,26,21,4,11,9,1,60,
C:\Users\Chris\Documents\GitHub\Sign_code_2018\main code\main\Due\Coms.cpp,"Coms::send_specific_calibration_data(byte sensor_prefix, int address, bool more_bytes, int offset)",128,92,85,28,31,6,5,133,
C:\Users\Chris\Documents\GitHub\Sign_code_2018\main code\main\Due\Coms.cpp,Coms::send_all_pos_on_interrupt(),15,13,11,4,2,3,0,26,
C:\Users\Chris\Documents\GitHub\Sign_code_2018\main code\main\Due\Coms.cpp,Coms::send_all_pos_now(),8,6,6,1,2,2,0,17,
C:\Users\Chris\Documents\GitHub\Sign_code_2018\main code\main\Due\Coms.cpp,Coms::calc_delay(),11,6,6,1,3,2,2,44,
C:\Users\Chris\Documents\GitHub\Sign_code_2018\main code\main\Due\Coms.cpp,Coms::send_all_text(),18,15,12,5,3,1,0,7,
C:\Users\Chris\Documents\GitHub\Sign_code_2018\main code\main\Due\Coms.cpp,Coms::print_frame(),5,5,4,1,0,0,0,0,
C:\Users\Chris\Documents\GitHub\Sign_code_2018\main code\main\Due\Coms.cpp,get_text_colour_hue(int byte_number),16,14,9,6,2,6,0,41,
C:\Users\Chris\Documents\GitHub\Sign_code_2018\main code\main\Due\Coms_I2C.cpp,Coms_i2c::init_i2c(),4,2,2,0,2,2,0,21,
C:\Users\Chris\Documents\GitHub\Sign_code_2018\main code\main\Due\Coms_I2C.cpp,Coms_i2c::init_i2c(int address),16,1,1,0,2,1,13,57,
C:\Users\Chris\Documents\GitHub\Sign_code_2018\main code\main\Due\Coms_I2C.cpp,Coms_i2c::init_i2c_due(),2,1,1,0,1,1,0,6,
C:\Users\Chris\Documents\GitHub\Sign_code_2018\main code\main\Due\Coms_I2C.cpp,Coms_i2c::i2c_scanner(),23,16,12,6,5,1,2,30,
C:\Users\Chris\Documents\GitHub\Sign_code_2018\main code\main\Due\Coms_I2C.cpp,Coms_i2c::i2c_scanner(int address),9,4,4,1,2,1,3,8,
C:\Users\Chris\Documents\GitHub\Sign_code_2018\main code\main\Due\Coms_Serial.cpp,Coms_Serial::init_software_serial_to_megas(),37,34,6,1,2,1,1,16,
C:\Users\Chris\Documents\GitHub\Sign_code_2018\main code\main\Due\Coms_Serial.cpp,Coms_Serial::init_software_serial_to_megas(int speed),41,37,8,3,2,1,2,37,
C:\Users\Chris\Documents\GitHub\Sign_code_2018\main code\main\Due\Coms_Serial.cpp,Coms_Serial::get_serial(),12,1,1,0,4,1,7,124,
C:\Users\Chris\Documents\GitHub\Sign_code_2018\main code\main\Due\Coms_Serial.cpp,Coms_Serial::Serial_write_frame(int address),45,33,22,10,11,1,1,14,
C:\Users\Chris\Documents\GitHub\Sign_code_2018\main code\main\Due\Coms_Serial.cpp,Coms_Serial::write_frame(int address),6,6,2,0,0,0,0,0,
C:\Users\Chris\Documents\GitHub\Sign_code_2018\main code\main\Due\Encoder.cpp,init_encoder(),17,11,9,3,6,0,0,0,
C:\Users\Chris\Documents\GitHub\Sign_code_2018\main code\main\Due\Encoder.cpp,init_button(),11,11,9,3,0,0,0,0,
C:\Users\Chris\Documents\GitHub\Sign_code_2018\main code\main\Due\Encoder.cpp,update_encoder_ISR(),19,12,10,2,5,3,2,39,
C:\Users\Chris\Documents\GitHub\Sign_code_2018\main code\main\Due\Encoder.cpp,update_button_ISR(),7,6,5,1,1,0,0,0,
C:\Users\Chris\Documents\GitHub\Sign_code_2018\main code\main\Due\Fans.cpp,attach_timer_fan(),17,13,11,3,3,4,1,21,
C:\Users\Chris\Documents\GitHub\Sign_code_2018\main code\main\Due\Fans.cpp,fade_fans(),1,1,1,0,0,0,0,0,
C:\Users\Chris\Documents\GitHub\Sign_code_2018\main code\main\Due\Fans.cpp,fans_set_freq(),1,1,1,0,0,0,0,0,
C:\Users\Chris\Documents\GitHub\Sign_code_2018\main code\main\Due\Fans.cpp,Fans::init_fans(),13,10,8,3,3,1,0,7,
C:\Users\Chris\Documents\GitHub\Sign_code_2018\main code\main\Due\Fans.cpp,Fans::init_temp_sensors(),34,27,21,4,5,2,2,32,
C:\Users\Chris\Documents\GitHub\Sign_code_2018\main code\main\Due\Fans.cpp,Fans::writeFanSpeed(int newValue),4,1,1,0,1,1,2,45,
C:\Users\Chris\Documents\GitHub\Sign_code_2018\main code\main\Due\Fans.cpp,Fans::get_temperature(int pin),52,41,35,3,8,5,3,58,
C:\Users\Chris\Documents\GitHub\Sign_code_2018\main code\main\Due\Fans.cpp,Fans::poll_temperature_sensor(int pin),50,34,27,8,16,15,0,119,
C:\Users\Chris\Documents\GitHub\Sign_code_2018\main code\main\Due\Fans.cpp,Fans::read_temp_data_from_register(int pin),13,12,9,6,1,6,0,60,
C:\Users\Chris\Documents\GitHub\Sign_code_2018\main code\main\Due\Internet.cpp,Internet::init_ethernet(),1,1,1,0,0,0,0,0,
C:\Users\Chris\Documents\GitHub\Sign_code_2018\main code\main\Due\Internet.cpp,Internet::init_wifi(),9,6,4,1,3,2,0,18,
C:\Users\Chris\Documents\GitHub\Sign_code_2018\main code\main\Due\Led_strip.cpp,attach_timer_led_strip(),19,14,12,3,4,6,1,30,
C:\Users\Chris\Documents\GitHub\Sign_code_2018\main code\main\Due\Led_strip.cpp,led_strip_set_freq(),20,17,11,8,3,4,0,47,
C:\Users\Chris\Documents\GitHub\Sign_code_2018\main code\main\Due\Led_strip.cpp,fade_led_strip(),33,20,14,3,7,6,6,138,
C:\Users\Chris\Documents\GitHub\Sign_code_2018\main code\main\Due\Led_strip.cpp,Led_Strip::init_led_strip(),13,10,8,3,3,2,0,17,
C:\Users\Chris\Documents\GitHub\Sign_code_2018\main code\main\Due\Led_strip.cpp,Led_Strip::writeLedStrips(int newValue),6,1,1,0,3,1,2,46,
C:\Users\Chris\Documents\GitHub\Sign_code_2018\main code\main\Due\Menu_Tree.cpp,Menu::init_menu_tree(),2,1,1,0,1,0,0,0,
C:\Users\Chris\Documents\GitHub\Sign_code_2018\main code\main\Due\Menu_Tree.cpp,Menu::change_menu(),12,10,8,2,2,0,0,0,
C:\Users\Chris\Documents\GitHub\Sign_code_2018\main code\main\Due\Menu_Tree.cpp,Menu::display_startup_sequence(),1,1,1,0,0,0,0,0,
C:\Users\Chris\Documents\GitHub\Sign_code_2018\main code\main\Due\Menu_Tree.cpp,Menu::default_display(),1,1,1,0,0,0,0,0,
C:\Users\Chris\Documents\GitHub\Sign_code_2018\main code\main\Due\Menu_Tree.cpp,Menu::display_menu_tree(),1,1,1,0,0,0,0,0,
C:\Users\Chris\Documents\GitHub\Sign_code_2018\main code\main\Due\SD_Cards.cpp,Card::init_sd_cards(),131,82,61,20,31,13,18,270,
C:\Users\Chris\Documents\GitHub\Sign_code_2018\main code\main\Due\SD_Cards.cpp,"Card::copy_sd_data(const char *ext_file, const char *int_file, const char *ext_dir, const char *int_dir)",58,27,24,6,20,1,11,86,
C:\Users\Chris\Documents\GitHub\Sign_code_2018\main code\main\Due\SD_Cards.cpp,Card::extract_network_data(),76,57,46,11,13,18,6,224,
C:\Users\Chris\Documents\GitHub\Sign_code_2018\main code\main\Due\SD_Cards.cpp,Card::buffer_in_header(),9,6,4,5,3,2,0,19,
C:\Users\Chris\Documents\GitHub\Sign_code_2018\main code\main\Due\SD_Cards.cpp,Card::buffer_is_network(),5,4,3,3,1,1,0,6,
C:\Users\Chris\Documents\GitHub\Sign_code_2018\main code\main\Due\SD_Cards.cpp,Card::buffer_is_password(),4,4,3,3,0,1,0,6,
C:\Users\Chris\Documents\GitHub\Sign_code_2018\main code\main\Due\SD_Cards.cpp,Card::buffer_is_default(),4,4,3,3,0,1,0,7,
C:\Users\Chris\Documents\GitHub\Sign_code_2018\main code\main\Due\SD_Cards.cpp,Card::string_length(),6,6,5,2,0,4,0,25,
C:\Users\Chris\Documents\GitHub\Sign_code_2018\main code\main\Due\SD_Cards.cpp,Card::remove_card_1(),26,18,12,3,5,3,3,70,
C:\Users\Chris\Documents\GitHub\Sign_code_2018\main code\main\Due\Due.h,due_setup(),40,1,1,0,1,0,38,79,
C:\Users\Chris\Documents\GitHub\Sign_code_2018\main code\main\Due\Due.h,due_loop(),15,1,1,0,2,0,12,35,
C:\Users\Chris\Documents\GitHub\Sign_code_2018\main code\main\Due\libs\DueTimer\DueTimer.cpp,DueTimer::DueTimer(unsigned short _timer),4,1,1,0,0,0,3,7,
C:\Users\Chris\Documents\GitHub\Sign_code_2018\main code\main\Due\libs\DueTimer\DueTimer.cpp,DueTimer::getAvailable(void),11,6,4,4,1,0,4,12,
C:\Users\Chris\Documents\GitHub\Sign_code_2018\main code\main\Due\libs\DueTimer\DueTimer.cpp,DueTimer::attachInterrupt(void (*isr)()),8,3,3,1,2,0,3,13,
C:\Users\Chris\Documents\GitHub\Sign_code_2018\main code\main\Due\libs\DueTimer\DueTimer.cpp,DueTimer::detachInterrupt(void),10,4,4,1,3,1,3,18,
C:\Users\Chris\Documents\GitHub\Sign_code_2018\main code\main\Due\libs\DueTimer\DueTimer.cpp,DueTimer::start(double microseconds),18,9,7,3,5,0,4,17,
C:\Users\Chris\Documents\GitHub\Sign_code_2018\main code\main\Due\libs\DueTimer\DueTimer.cpp,DueTimer::stop(void),10,4,4,1,3,0,3,4,
C:\Users\Chris\Documents\GitHub\Sign_code_2018\main code\main\Due\libs\DueTimer\DueTimer.cpp,"DueTimer::bestClock(double frequency, uint32_t& retRC)",38,28,25,2,0,1,10,36,
C:\Users\Chris\Documents\GitHub\Sign_code_2018\main code\main\Due\libs\DueTimer\DueTimer.cpp,DueTimer::setFrequency(double frequency),54,27,22,7,10,1,17,110,
C:\Users\Chris\Documents\GitHub\Sign_code_2018\main code\main\Due\libs\DueTimer\DueTimer.cpp,DueTimer::setPeriod(double microseconds),9,4,4,1,1,0,4,17,
C:\Users\Chris\Documents\GitHub\Sign_code_2018\main code\main\Due\libs\DueTimer\DueTimer.cpp,DueTimer::getFrequency(void) const,6,2,2,1,1,0,3,5,
C:\Users\Chris\Documents\GitHub\Sign_code_2018\main code\main\Due\libs\DueTimer\DueTimer.cpp,DueTimer::getPeriod(void) const,6,2,2,1,1,0,3,5,
C:\Users\Chris\Documents\GitHub\Sign_code_2018\main code\main\Due\libs\DueTimer\DueTimer.cpp,TC0_Handler(void),3,3,3,0,0,0,0,0,
C:\Users\Chris\Documents\GitHub\Sign_code_2018\main code\main\Due\libs\DueTimer\DueTimer.cpp,TC1_Handler(void),3,3,3,0,0,0,0,0,
C:\Users\Chris\Documents\GitHub\Sign_code_2018\main code\main\Due\libs\DueTimer\DueTimer.cpp,TC2_Handler(void),3,3,3,0,0,0,0,0,
C:\Users\Chris\Documents\GitHub\Sign_code_2018\main code\main\Due\libs\DueTimer\DueTimer.cpp,TC3_Handler(void),3,3,3,0,0,0,0,0,
C:\Users\Chris\Documents\GitHub\Sign_code_2018\main code\main\Due\libs\DueTimer\DueTimer.cpp,TC4_Handler(void),3,3,3,0,0,0,0,0,
C:\Users\Chris\Documents\GitHub\Sign_code_2018\main code\main\Due\libs\sdfatlib\extra\SdFatTestSuite\SdFatTestSuite.cpp,strlenPGM(PGM_P str),4,4,4,2,0,0,0,0,
C:\Users\Chris\Documents\GitHub\Sign_code_2018\main code\main\Due\libs\sdfatlib\extra\SdFatTestSuite\SdFatTestSuite.cpp,testBegin(),13,12,12,2,1,2,0,7,
C:\Users\Chris\Documents\GitHub\Sign_code_2018\main code\main\Due\libs\sdfatlib\extra\SdFatTestSuite\SdFatTestSuite.cpp,testEnd(),9,9,9,0,0,0,0,0,
C:\Users\Chris\Documents\GitHub\Sign_code_2018\main code\main\Due\libs\sdfatlib\extra\SdFatTestSuite\SdFatTestSuite.cpp,"testResult(bool b, uint8_t n)",9,9,8,2,0,0,0,0,
C:\Users\Chris\Documents\GitHub\Sign_code_2018\main code\main\Due\libs\sdfatlib\extra\SdFatTestSuite\SdFatTestSuite.cpp,"testVerify_P(char* result, PGM_P expect)",8,8,8,0,0,0,0,0,
C:\Users\Chris\Documents\GitHub\Sign_code_2018\main code\main\Due\libs\sdfatlib\extra\SdFatTestSuite\SdFatTestSuite.cpp,"testVerify_P(bool b, PGM_P msg)",4,4,4,0,0,0,0,0,
C:\Users\Chris\Documents\GitHub\Sign_code_2018\main code\main\Due\libs\sdfatlib\SdFat\istream.cpp,istream::get(),10,10,9,2,0,0,0,0,
C:\Users\Chris\Documents\GitHub\Sign_code_2018\main code\main\Due\libs\sdfatlib\SdFat\istream.cpp,istream::get(char& c),4,4,4,2,0,0,0,0,
C:\Users\Chris\Documents\GitHub\Sign_code_2018\main code\main\Due\libs\sdfatlib\SdFat\istream.cpp,"istream::get(char *str, streamsize n, char delim)",18,18,15,8,0,0,0,0,
C:\Users\Chris\Documents\GitHub\Sign_code_2018\main code\main\Due\libs\sdfatlib\SdFat\istream.cpp,istream::getBool(bool *b),29,29,25,5,0,0,0,0,
C:\Users\Chris\Documents\GitHub\Sign_code_2018\main code\main\Due\libs\sdfatlib\SdFat\istream.cpp,istream::getChar(char* ch),7,7,6,1,0,0,0,0,
C:\Users\Chris\Documents\GitHub\Sign_code_2018\main code\main\Due\libs\sdfatlib\SdFat\istream.cpp,istream::getDouble(double* value),78,73,62,21,2,0,3,13,
C:\Users\Chris\Documents\GitHub\Sign_code_2018\main code\main\Due\libs\sdfatlib\SdFat\istream.cpp,"istream::getline(char *str, streamsize n, char delim)",24,24,20,10,0,0,0,0,
C:\Users\Chris\Documents\GitHub\Sign_code_2018\main code\main\Due\libs\sdfatlib\SdFat\istream.cpp,"istream::getNumber(uint32_t posMax, uint32_t negMax, uint32_t* num)",61,55,47,13,3,1,3,18,
C:\Users\Chris\Documents\GitHub\Sign_code_2018\main code\main\Due\libs\sdfatlib\SdFat\istream.cpp,istream::getStr(char *str),23,22,18,7,1,0,0,0,
C:\Users\Chris\Documents\GitHub\Sign_code_2018\main code\main\Due\libs\sdfatlib\SdFat\istream.cpp,"istream::ignore(streamsize n, int delim)",12,12,10,5,0,0,0,0,
C:\Users\Chris\Documents\GitHub\Sign_code_2018\main code\main\Due\libs\sdfatlib\SdFat\istream.cpp,istream::peek(),12,12,11,3,0,0,0,0,
C:\Users\Chris\Documents\GitHub\Sign_code_2018\main code\main\Due\libs\sdfatlib\SdFat\istream.cpp,istream::readSkip(),6,6,6,1,0,0,0,0,
C:\Users\Chris\Documents\GitHub\Sign_code_2018\main code\main\Due\libs\sdfatlib\SdFat\istream.cpp,istream::skipWhite(),7,7,7,0,0,0,0,0,
C:\Users\Chris\Documents\GitHub\Sign_code_2018\main code\main\Due\libs\sdfatlib\SdFat\MinimumSerial.cpp,MinimumSerial::begin(unsigned long baud),19,12,11,1,0,0,7,48,
C:\Users\Chris\Documents\GitHub\Sign_code_2018\main code\main\Due\libs\sdfatlib\SdFat\MinimumSerial.cpp,MinimumSerial::read(),3,3,3,2,0,0,0,0,
C:\Users\Chris\Documents\GitHub\Sign_code_2018\main code\main\Due\libs\sdfatlib\SdFat\MinimumSerial.cpp,MinimumSerial::write(uint8_t b),4,4,4,2,0,0,0,0,
C:\Users\Chris\Documents\GitHub\Sign_code_2018\main code\main\Due\libs\sdfatlib\SdFat\ostream.cpp,ostream::do_fill(unsigned len),3,3,3,1,0,0,0,0,
C:\Users\Chris\Documents\GitHub\Sign_code_2018\main code\main\Due\libs\sdfatlib\SdFat\ostream.cpp,ostream::fill_not_left(unsigned len),4,4,3,1,0,0,0,0,
C:\Users\Chris\Documents\GitHub\Sign_code_2018\main code\main\Due\libs\sdfatlib\SdFat\ostream.cpp,"ostream::fmtNum(uint32_t n, char *ptr, uint8_t base)",9,9,9,1,0,0,0,0,
C:\Users\Chris\Documents\GitHub\Sign_code_2018\main code\main\Due\libs\sdfatlib\SdFat\ostream.cpp,ostream::putBool(bool b),10,10,8,2,0,0,0,0,
C:\Users\Chris\Documents\GitHub\Sign_code_2018\main code\main\Due\libs\sdfatlib\SdFat\ostream.cpp,ostream::putChar(char c),4,4,4,0,0,0,0,0,
C:\Users\Chris\Documents\GitHub\Sign_code_2018\main code\main\Due\libs\sdfatlib\SdFat\ostream.cpp,ostream::putDouble(double n),56,42,38,8,4,1,10,55,
C:\Users\Chris\Documents\GitHub\Sign_code_2018\main code\main\Due\libs\sdfatlib\SdFat\ostream.cpp,ostream::putNum(int32_t n),4,4,4,1,0,0,0,0,
C:\Users\Chris\Documents\GitHub\Sign_code_2018\main code\main\Due\libs\sdfatlib\SdFat\ostream.cpp,"ostream::putNum(uint32_t n, bool neg)",30,30,25,6,0,0,0,0,
C:\Users\Chris\Documents\GitHub\Sign_code_2018\main code\main\Due\libs\sdfatlib\SdFat\ostream.cpp,ostream::putPgm(const char* str),8,8,7,2,0,0,0,0,
C:\Users\Chris\Documents\GitHub\Sign_code_2018\main code\main\Due\libs\sdfatlib\SdFat\ostream.cpp,ostream::putStr(const char *str),5,5,5,0,0,0,0,0,
C:\Users\Chris\Documents\GitHub\Sign_code_2018\main code\main\Due\libs\sdfatlib\SdFat\Sd2Card.cpp,spiBegin(),2,2,2,0,0,0,0,0,
C:\Users\Chris\Documents\GitHub\Sign_code_2018\main code\main\Due\libs\sdfatlib\SdFat\Sd2Card.cpp,spiInit(uint8_t spiRate),22,22,17,2,0,2,0,2,
C:\Users\Chris\Documents\GitHub\Sign_code_2018\main code\main\Due\libs\sdfatlib\SdFat\Sd2Card.cpp,spiRec(),2,2,2,1,0,0,0,0,
C:\Users\Chris\Documents\GitHub\Sign_code_2018\main code\main\Due\libs\sdfatlib\SdFat\Sd2Card.cpp,"spiRec(uint8_t* buf, size_t len)",5,5,4,2,0,0,0,0,
C:\Users\Chris\Documents\GitHub\Sign_code_2018\main code\main\Due\libs\sdfatlib\SdFat\Sd2Card.cpp,spiSend(uint8_t b),2,2,2,0,0,0,0,0,
C:\Users\Chris\Documents\GitHub\Sign_code_2018\main code\main\Due\libs\sdfatlib\SdFat\Sd2Card.cpp,"spiSend(const uint8_t* buf, size_t len)",4,4,3,1,0,0,0,0,
C:\Users\Chris\Documents\GitHub\Sign_code_2018\main code\main\Due\libs\sdfatlib\SdFat\Sd2Card.cpp,dmac_disable(),2,2,2,0,0,0,0,0,
C:\Users\Chris\Documents\GitHub\Sign_code_2018\main code\main\Due\libs\sdfatlib\SdFat\Sd2Card.cpp,dmac_enable(),2,2,2,0,0,0,0,0,
C:\Users\Chris\Documents\GitHub\Sign_code_2018\main code\main\Due\libs\sdfatlib\SdFat\Sd2Card.cpp,dmac_channel_disable(uint32_t ul_num),2,2,2,0,0,0,0,0,
C:\Users\Chris\Documents\GitHub\Sign_code_2018\main code\main\Due\libs\sdfatlib\SdFat\Sd2Card.cpp,dmac_channel_enable(uint32_t ul_num),2,2,2,0,0,0,0,0,
C:\Users\Chris\Documents\GitHub\Sign_code_2018\main code\main\Due\libs\sdfatlib\SdFat\Sd2Card.cpp,dmac_channel_transfer_done(uint32_t ul_num),2,2,2,1,0,0,0,0,
C:\Users\Chris\Documents\GitHub\Sign_code_2018\main code\main\Due\libs\sdfatlib\SdFat\Sd2Card.cpp,spiBegin(),31,31,15,0,0,2,0,2,
C:\Users\Chris\Documents\GitHub\Sign_code_2018\main code\main\Due\libs\sdfatlib\SdFat\Sd2Card.cpp,"spiDmaRX(uint8_t* dst, uint16_t count)",13,13,9,0,0,0,0,0,
C:\Users\Chris\Documents\GitHub\Sign_code_2018\main code\main\Due\libs\sdfatlib\SdFat\Sd2Card.cpp,"spiDmaTX(const uint8_t* src, uint16_t count)",22,19,14,1,3,0,0,0,
C:\Users\Chris\Documents\GitHub\Sign_code_2018\main code\main\Due\libs\sdfatlib\SdFat\Sd2Card.cpp,spiInit(uint8_t spiRate),16,11,10,1,0,0,5,16,
C:\Users\Chris\Documents\GitHub\Sign_code_2018\main code\main\Due\libs\sdfatlib\SdFat\Sd2Card.cpp,spiTransfer(uint8_t b),7,6,6,2,1,0,0,0,
C:\Users\Chris\Documents\GitHub\Sign_code_2018\main code\main\Due\libs\sdfatlib\SdFat\Sd2Card.cpp,spiRec(),2,2,2,1,0,0,0,0,
C:\Users\Chris\Documents\GitHub\Sign_code_2018\main code\main\Due\libs\sdfatlib\SdFat\Sd2Card.cpp,"spiRec(uint8_t* buf, size_t len)",28,25,19,7,2,2,1,5,
C:\Users\Chris\Documents\GitHub\Sign_code_2018\main code\main\Due\libs\sdfatlib\SdFat\Sd2Card.cpp,spiSend(uint8_t b),2,2,2,0,0,0,0,0,
C:\Users\Chris\Documents\GitHub\Sign_code_2018\main code\main\Due\libs\sdfatlib\SdFat\Sd2Card.cpp,"spiSend(const uint8_t* buf, size_t len)",15,14,10,5,0,2,1,7,
C:\Users\Chris\Documents\GitHub\Sign_code_2018\main code\main\Due\libs\sdfatlib\SdFat\Sd2Card.cpp,spiBegin(),2,2,2,0,0,0,0,0,
C:\Users\Chris\Documents\GitHub\Sign_code_2018\main code\main\Due\libs\sdfatlib\SdFat\Sd2Card.cpp,spiInit(uint8_t spiRate),45,29,22,2,2,0,14,86,
C:\Users\Chris\Documents\GitHub\Sign_code_2018\main code\main\Due\libs\sdfatlib\SdFat\Sd2Card.cpp,spiRec(),6,6,6,2,0,0,0,0,
C:\Users\Chris\Documents\GitHub\Sign_code_2018\main code\main\Due\libs\sdfatlib\SdFat\Sd2Card.cpp,"spiRec(uint8_t* buf, size_t len)",52,44,34,12,0,2,8,63,
C:\Users\Chris\Documents\GitHub\Sign_code_2018\main code\main\Due\libs\sdfatlib\SdFat\Sd2Card.cpp,spiSend(uint8_t b),5,5,5,1,0,0,0,0,
C:\Users\Chris\Documents\GitHub\Sign_code_2018\main code\main\Due\libs\sdfatlib\SdFat\Sd2Card.cpp,"spiSend(const uint8_t* output, size_t len)",54,43,33,11,0,2,11,79,
C:\Users\Chris\Documents\GitHub\Sign_code_2018\main code\main\Due\libs\sdfatlib\SdFat\Sd2Card.cpp,spiBegin(),2,2,2,0,0,0,0,0,
C:\Users\Chris\Documents\GitHub\Sign_code_2018\main code\main\Due\libs\sdfatlib\SdFat\Sd2Card.cpp,spiInit(uint8_t spiRate),1,1,1,0,0,0,0,0,
C:\Users\Chris\Documents\GitHub\Sign_code_2018\main code\main\Due\libs\sdfatlib\SdFat\Sd2Card.cpp,spiRec(),2,2,2,1,0,0,0,0,
C:\Users\Chris\Documents\GitHub\Sign_code_2018\main code\main\Due\libs\sdfatlib\SdFat\Sd2Card.cpp,"spiRec(uint8_t* buf, size_t n)",5,5,4,2,0,0,0,0,
C:\Users\Chris\Documents\GitHub\Sign_code_2018\main code\main\Due\libs\sdfatlib\SdFat\Sd2Card.cpp,spiSend(uint8_t data),2,2,2,0,0,0,0,0,
C:\Users\Chris\Documents\GitHub\Sign_code_2018\main code\main\Due\libs\sdfatlib\SdFat\Sd2Card.cpp,"spiSend(const uint8_t* buf, size_t n)",4,4,3,1,0,0,0,0,
C:\Users\Chris\Documents\GitHub\Sign_code_2018\main code\main\Due\libs\sdfatlib\SdFat\Sd2Card.cpp,spiBegin(),8,6,6,0,0,0,2,24,
C:\Users\Chris\Documents\GitHub\Sign_code_2018\main code\main\Due\libs\sdfatlib\SdFat\Sd2Card.cpp,spiInit(uint8_t spiRate),5,4,4,0,0,0,1,4,
C:\Users\Chris\Documents\GitHub\Sign_code_2018\main code\main\Due\libs\sdfatlib\SdFat\Sd2Card.cpp,spiRec(),4,4,4,2,0,0,0,0,
C:\Users\Chris\Documents\GitHub\Sign_code_2018\main code\main\Due\libs\sdfatlib\SdFat\Sd2Card.cpp,"spiRec(uint8_t* buf, size_t n)",12,12,11,5,0,0,0,0,
C:\Users\Chris\Documents\GitHub\Sign_code_2018\main code\main\Due\libs\sdfatlib\SdFat\Sd2Card.cpp,spiSend(uint8_t b),3,3,3,1,0,0,0,0,
C:\Users\Chris\Documents\GitHub\Sign_code_2018\main code\main\Due\libs\sdfatlib\SdFat\Sd2Card.cpp,"spiSend(const uint8_t* buf , size_t n)",14,14,12,6,0,0,0,0,
C:\Users\Chris\Documents\GitHub\Sign_code_2018\main code\main\Due\libs\sdfatlib\SdFat\Sd2Card.cpp,"CRC7(const uint8_t* data, uint8_t n)",11,11,9,4,0,0,0,0,
C:\Users\Chris\Documents\GitHub\Sign_code_2018\main code\main\Due\libs\sdfatlib\SdFat\Sd2Card.cpp,"CRC_CCITT(const uint8_t *data, size_t n)",10,10,9,2,0,0,0,0,
C:\Users\Chris\Documents\GitHub\Sign_code_2018\main code\main\Due\libs\sdfatlib\SdFat\SdBaseFile.cpp,SdBaseFile::addCluster(),14,12,9,4,1,0,1,9,
C:\Users\Chris\Documents\GitHub\Sign_code_2018\main code\main\Due\libs\sdfatlib\SdFat\SdBaseFile.cpp,SdBaseFile::addDirCluster(),32,28,22,7,1,0,3,14,
C:\Users\Chris\Documents\GitHub\Sign_code_2018\main code\main\Due\libs\sdfatlib\SdFat\SdBaseFile.cpp,SdBaseFile::cacheDirEntry(uint8_t action),11,10,8,3,1,0,0,0,
C:\Users\Chris\Documents\GitHub\Sign_code_2018\main code\main\Due\libs\sdfatlib\SdFat\SdBaseFile.cpp,SdBaseFile::close(),4,4,4,1,0,0,0,0,
C:\Users\Chris\Documents\GitHub\Sign_code_2018\main code\main\Due\libs\sdfatlib\SdFat\SdBaseFile.cpp,"SdBaseFile::contiguousRange(uint32_t* bgnBlock, uint32_t* endBlock)",28,24,17,7,1,0,3,13,
C:\Users\Chris\Documents\GitHub\Sign_code_2018\main code\main\Due\libs\sdfatlib\SdFat\SdBaseFile.cpp,"SdBaseFile::createContiguous(SdBaseFile* dirFile, const char* path, uint32_t size)",29,21,17,5,4,0,4,18,
C:\Users\Chris\Documents\GitHub\Sign_code_2018\main code\main\Due\libs\sdfatlib\SdFat\SdBaseFile.cpp,SdBaseFile::dirEntry(dir_t* dir),19,15,12,4,1,0,3,13,
C:\Users\Chris\Documents\GitHub\Sign_code_2018\main code\main\Due\libs\sdfatlib\SdFat\SdBaseFile.cpp,"SdBaseFile::dirName(const dir_t& dir, char* name)",8,8,7,3,0,0,0,0,
C:\Users\Chris\Documents\GitHub\Sign_code_2018\main code\main\Due\libs\sdfatlib\SdFat\SdBaseFile.cpp,SdBaseFile::exists(const char* name),3,3,3,1,0,0,0,0,
C:\Users\Chris\Documents\GitHub\Sign_code_2018\main code\main\Due\libs\sdfatlib\SdFat\SdBaseFile.cpp,"SdBaseFile::fgets(char* str, int16_t num, char* delim)",20,18,15,8,0,0,2,4,
C:\Users\Chris\Documents\GitHub\Sign_code_2018\main code\main\Due\libs\sdfatlib\SdFat\SdBaseFile.cpp,SdBaseFile::getFilename(char* name),23,20,16,6,1,0,2,4,
C:\Users\Chris\Documents\GitHub\Sign_code_2018\main code\main\Due\libs\sdfatlib\SdFat\SdBaseFile.cpp,SdBaseFile::getpos(FatPos_t* pos),3,3,3,0,0,0,0,0,
C:\Users\Chris\Documents\GitHub\Sign_code_2018\main code\main\Due\libs\sdfatlib\SdFat\SdBaseFile.cpp,SdBaseFile::ls(uint8_t flags),2,2,2,0,0,0,0,0,
C:\Users\Chris\Documents\GitHub\Sign_code_2018\main code\main\Due\libs\sdfatlib\SdFat\SdBaseFile.cpp,"SdBaseFile::ls(Print* pr, uint8_t flags, uint8_t indent)",11,11,9,3,0,0,0,0,
C:\Users\Chris\Documents\GitHub\Sign_code_2018\main code\main\Due\libs\sdfatlib\SdFat\SdBaseFile.cpp,"SdBaseFile::lsPrintNext(Print *pr, uint8_t flags, uint8_t indent)",46,38,30,15,3,0,5,24,
C:\Users\Chris\Documents\GitHub\Sign_code_2018\main code\main\Due\libs\sdfatlib\SdFat\SdBaseFile.cpp,"SdBaseFile::make83Name(const char* str, uint8_t* name, const char** ptr)",43,35,25,7,1,5,7,57,
C:\Users\Chris\Documents\GitHub\Sign_code_2018\main code\main\Due\libs\sdfatlib\SdFat\SdBaseFile.cpp,"SdBaseFile::mkdir(SdBaseFile* parent, const char* path, bool pFlag)",41,39,30,14,2,0,0,0,
C:\Users\Chris\Documents\GitHub\Sign_code_2018\main code\main\Due\libs\sdfatlib\SdFat\SdBaseFile.cpp,"SdBaseFile::mkdir(SdBaseFile* parent, const uint8_t dname[11])",68,51,43,10,5,0,12,58,
C:\Users\Chris\Documents\GitHub\Sign_code_2018\main code\main\Due\libs\sdfatlib\SdFat\SdBaseFile.cpp,"SdBaseFile::open(const char* path, uint8_t oflag)",2,2,2,1,0,0,0,0,
C:\Users\Chris\Documents\GitHub\Sign_code_2018\main code\main\Due\libs\sdfatlib\SdFat\SdBaseFile.cpp,"SdBaseFile::open(SdBaseFile* dirFile, const char* path, uint8_t oflag)",44,41,32,14,2,0,1,4,
C:\Users\Chris\Documents\GitHub\Sign_code_2018\main code\main\Due\libs\sdfatlib\SdFat\SdBaseFile.cpp,"SdBaseFile::open(SdBaseFile* dirFile, const uint8_t dname[11], uint8_t oflag)",95,76,62,17,6,0,13,64,
C:\Users\Chris\Documents\GitHub\Sign_code_2018\main code\main\Due\libs\sdfatlib\SdFat\SdBaseFile.cpp,"SdBaseFile::open(SdBaseFile* dirFile, uint16_t index, uint8_t oflag)",38,28,21,7,4,0,6,34,
C:\Users\Chris\Documents\GitHub\Sign_code_2018\main code\main\Due\libs\sdfatlib\SdFat\SdBaseFile.cpp,"SdBaseFile::openCachedEntry(uint8_t dirIndex, uint8_t oflag)",48,36,30,7,5,0,7,50,
C:\Users\Chris\Documents\GitHub\Sign_code_2018\main code\main\Due\libs\sdfatlib\SdFat\SdBaseFile.cpp,"SdBaseFile::openNext(SdBaseFile* dirFile, uint8_t oflag)",41,32,24,9,4,0,5,24,
C:\Users\Chris\Documents\GitHub\Sign_code_2018\main code\main\Due\libs\sdfatlib\SdFat\SdBaseFile.cpp,SdBaseFile::openParent(SdBaseFile* dir),73,61,50,13,1,0,11,61,
C:\Users\Chris\Documents\GitHub\Sign_code_2018\main code\main\Due\libs\sdfatlib\SdFat\SdBaseFile.cpp,SdBaseFile::openRoot(SdVolume* vol),37,29,25,5,3,0,5,27,
C:\Users\Chris\Documents\GitHub\Sign_code_2018\main code\main\Due\libs\sdfatlib\SdFat\SdBaseFile.cpp,SdBaseFile::peek(),6,6,6,2,0,0,0,0,
C:\Users\Chris\Documents\GitHub\Sign_code_2018\main code\main\Due\libs\sdfatlib\SdFat\SdBaseFile.cpp,"SdBaseFile::printDirName(const dir_t& dir, uint8_t width, bool printSlash)",2,2,2,0,0,0,0,0,
C:\Users\Chris\Documents\GitHub\Sign_code_2018\main code\main\Due\libs\sdfatlib\SdFat\SdBaseFile.cpp,"SdBaseFile::printDirName(Print* pr, const dir_t& dir, uint8_t width, bool printSlash)",19,19,15,5,0,0,0,0,
C:\Users\Chris\Documents\GitHub\Sign_code_2018\main code\main\Due\libs\sdfatlib\SdFat\SdBaseFile.cpp,"print2u(Print* pr, uint8_t v)",3,3,3,1,0,0,0,0,
C:\Users\Chris\Documents\GitHub\Sign_code_2018\main code\main\Due\libs\sdfatlib\SdFat\SdBaseFile.cpp,SdBaseFile::printCreateDateTime(Print* pr),13,12,10,3,1,0,0,0,
C:\Users\Chris\Documents\GitHub\Sign_code_2018\main code\main\Due\libs\sdfatlib\SdFat\SdBaseFile.cpp,SdBaseFile::printFatDate(uint16_t fatDate),2,2,2,0,0,0,0,0,
C:\Users\Chris\Documents\GitHub\Sign_code_2018\main code\main\Due\libs\sdfatlib\SdFat\SdBaseFile.cpp,"SdBaseFile::printFatDate(Print* pr, uint16_t fatDate)",6,6,6,0,0,0,0,0,
C:\Users\Chris\Documents\GitHub\Sign_code_2018\main code\main\Due\libs\sdfatlib\SdFat\SdBaseFile.cpp,SdBaseFile::printFatTime(uint16_t fatTime),2,2,2,0,0,0,0,0,
C:\Users\Chris\Documents\GitHub\Sign_code_2018\main code\main\Due\libs\sdfatlib\SdFat\SdBaseFile.cpp,"SdBaseFile::printFatTime(Print* pr, uint16_t fatTime)",6,6,6,0,0,0,0,0,
C:\Users\Chris\Documents\GitHub\Sign_code_2018\main code\main\Due\libs\sdfatlib\SdFat\SdBaseFile.cpp,"printFieldT(SdBaseFile* file, char sign, Type value, char term)",19,18,15,4,1,0,0,0,
C:\Users\Chris\Documents\GitHub\Sign_code_2018\main code\main\Due\libs\sdfatlib\SdFat\SdBaseFile.cpp,"SdBaseFile::printField(uint16_t value, char term)",2,2,2,1,0,0,0,0,
C:\Users\Chris\Documents\GitHub\Sign_code_2018\main code\main\Due\libs\sdfatlib\SdFat\SdBaseFile.cpp,"SdBaseFile::printField(int16_t value, char term)",7,7,6,2,0,0,0,0,
C:\Users\Chris\Documents\GitHub\Sign_code_2018\main code\main\Due\libs\sdfatlib\SdFat\SdBaseFile.cpp,"SdBaseFile::printField(uint32_t value, char term)",2,2,2,1,0,0,0,0,
C:\Users\Chris\Documents\GitHub\Sign_code_2018\main code\main\Due\libs\sdfatlib\SdFat\SdBaseFile.cpp,"SdBaseFile::printField(int32_t value, char term)",7,7,6,2,0,0,0,0,
C:\Users\Chris\Documents\GitHub\Sign_code_2018\main code\main\Due\libs\sdfatlib\SdFat\SdBaseFile.cpp,SdBaseFile::printModifyDateTime(Print* pr),13,12,10,3,1,0,0,0,
C:\Users\Chris\Documents\GitHub\Sign_code_2018\main code\main\Due\libs\sdfatlib\SdFat\SdBaseFile.cpp,SdBaseFile::printName(Print* pr),10,9,7,3,1,0,0,0,
C:\Users\Chris\Documents\GitHub\Sign_code_2018\main code\main\Due\libs\sdfatlib\SdFat\SdBaseFile.cpp,SdBaseFile::printName(),2,2,2,1,0,0,0,0,
C:\Users\Chris\Documents\GitHub\Sign_code_2018\main code\main\Due\libs\sdfatlib\SdFat\SdBaseFile.cpp,SdBaseFile::read(),3,3,3,1,0,0,0,0,
C:\Users\Chris\Documents\GitHub\Sign_code_2018\main code\main\Due\libs\sdfatlib\SdFat\SdBaseFile.cpp,"SdBaseFile::read(void* buf, size_t nbyte)",98,86,67,22,2,2,10,65,
C:\Users\Chris\Documents\GitHub\Sign_code_2018\main code\main\Due\libs\sdfatlib\SdFat\SdBaseFile.cpp,SdBaseFile::readDir(dir_t* dir),15,10,9,6,1,0,4,29,
C:\Users\Chris\Documents\GitHub\Sign_code_2018\main code\main\Due\libs\sdfatlib\SdFat\SdBaseFile.cpp,SdBaseFile::readDirCache(),23,15,12,4,3,0,5,24,
C:\Users\Chris\Documents\GitHub\Sign_code_2018\main code\main\Due\libs\sdfatlib\SdFat\SdBaseFile.cpp,SdBaseFile::remove(),25,17,14,5,3,0,5,24,
C:\Users\Chris\Documents\GitHub\Sign_code_2018\main code\main\Due\libs\sdfatlib\SdFat\SdBaseFile.cpp,"SdBaseFile::remove(SdBaseFile* dirFile, const char* path)",10,9,7,3,1,0,0,0,
C:\Users\Chris\Documents\GitHub\Sign_code_2018\main code\main\Due\libs\sdfatlib\SdFat\SdBaseFile.cpp,"SdBaseFile::rename(SdBaseFile* dirFile, const char* newPath)",98,72,58,14,9,0,17,83,
C:\Users\Chris\Documents\GitHub\Sign_code_2018\main code\main\Due\libs\sdfatlib\SdFat\SdBaseFile.cpp,SdBaseFile::rmdir(),32,24,19,8,2,0,6,32,
C:\Users\Chris\Documents\GitHub\Sign_code_2018\main code\main\Due\libs\sdfatlib\SdFat\SdBaseFile.cpp,SdBaseFile::rmRfStar(),59,46,35,15,5,0,8,41,
C:\Users\Chris\Documents\GitHub\Sign_code_2018\main code\main\Due\libs\sdfatlib\SdFat\SdBaseFile.cpp,"SdBaseFile::SdBaseFile(const char* path, uint8_t oflag)",4,4,4,0,0,0,0,0,
C:\Users\Chris\Documents\GitHub\Sign_code_2018\main code\main\Due\libs\sdfatlib\SdFat\SdBaseFile.cpp,SdBaseFile::seekSet(uint32_t pos),42,34,26,8,3,0,5,34,
C:\Users\Chris\Documents\GitHub\Sign_code_2018\main code\main\Due\libs\sdfatlib\SdFat\SdBaseFile.cpp,SdBaseFile::setDirSize(),20,18,15,4,1,0,1,9,
C:\Users\Chris\Documents\GitHub\Sign_code_2018\main code\main\Due\libs\sdfatlib\SdFat\SdBaseFile.cpp,SdBaseFile::setpos(FatPos_t* pos),3,3,3,0,0,0,0,0,
C:\Users\Chris\Documents\GitHub\Sign_code_2018\main code\main\Due\libs\sdfatlib\SdFat\SdBaseFile.cpp,SdBaseFile::sync(),33,24,19,7,3,0,6,38,
C:\Users\Chris\Documents\GitHub\Sign_code_2018\main code\main\Due\libs\sdfatlib\SdFat\SdBaseFile.cpp,SdBaseFile::timestamp(SdBaseFile* file),32,25,21,5,3,0,4,10,
C:\Users\Chris\Documents\GitHub\Sign_code_2018\main code\main\Due\libs\sdfatlib\SdFat\SdBaseFile.cpp,"SdBaseFile::timestamp(uint8_t flags, uint16_t year, uint8_t month, uint8_t day, uint8_t hour, uint8_t minute, uint8_t second)",47,43,27,17,2,0,2,15,
C:\Users\Chris\Documents\GitHub\Sign_code_2018\main code\main\Due\libs\sdfatlib\SdFat\SdBaseFile.cpp,SdBaseFile::truncate(uint32_t length),63,48,37,13,5,0,10,60,
C:\Users\Chris\Documents\GitHub\Sign_code_2018\main code\main\Due\libs\sdfatlib\SdFat\SdBaseFile.cpp,"SdBaseFile::write(const void* buf, size_t nbyte)",143,119,92,30,5,0,19,128,
C:\Users\Chris\Documents\GitHub\Sign_code_2018\main code\main\Due\libs\sdfatlib\SdFat\SdFat.cpp,pstrPrint(PGM_P str),2,2,2,1,0,0,0,0,
C:\Users\Chris\Documents\GitHub\Sign_code_2018\main code\main\Due\libs\sdfatlib\SdFat\SdFat.cpp,pstrPrintln(PGM_P str),3,3,3,0,0,0,0,0,
C:\Users\Chris\Documents\GitHub\Sign_code_2018\main code\main\Due\libs\sdfatlib\SdFat\SdFat.cpp,"SdFat::begin(uint8_t chipSelectPin, uint8_t sckRateID)",2,2,2,1,0,0,0,0,
C:\Users\Chris\Documents\GitHub\Sign_code_2018\main code\main\Due\libs\sdfatlib\SdFat\SdFat.cpp,SdFat::chdir(bool set_cwd),4,4,4,3,0,0,0,0,
C:\Users\Chris\Documents\GitHub\Sign_code_2018\main code\main\Due\libs\sdfatlib\SdFat\SdFat.cpp,"SdFat::chdir(const char *path, bool set_cwd)",11,10,9,6,1,0,0,0,
C:\Users\Chris\Documents\GitHub\Sign_code_2018\main code\main\Due\libs\sdfatlib\SdFat\SdFat.cpp,SdFat::chvol(),2,2,2,0,0,0,0,0,
C:\Users\Chris\Documents\GitHub\Sign_code_2018\main code\main\Due\libs\sdfatlib\SdFat\SdFat.cpp,SdFat::errorHalt(),3,3,3,1,0,0,0,0,
C:\Users\Chris\Documents\GitHub\Sign_code_2018\main code\main\Due\libs\sdfatlib\SdFat\SdFat.cpp,SdFat::errorHalt(char const* msg),3,3,3,1,0,0,0,0,
C:\Users\Chris\Documents\GitHub\Sign_code_2018\main code\main\Due\libs\sdfatlib\SdFat\SdFat.cpp,SdFat::errorHalt_P(PGM_P msg),3,3,3,1,0,0,0,0,
C:\Users\Chris\Documents\GitHub\Sign_code_2018\main code\main\Due\libs\sdfatlib\SdFat\SdFat.cpp,SdFat::errorPrint(),6,6,6,1,0,0,0,0,
C:\Users\Chris\Documents\GitHub\Sign_code_2018\main code\main\Due\libs\sdfatlib\SdFat\SdFat.cpp,SdFat::errorPrint(char const* msg),4,4,4,0,0,0,0,0,
C:\Users\Chris\Documents\GitHub\Sign_code_2018\main code\main\Due\libs\sdfatlib\SdFat\SdFat.cpp,SdFat::errorPrint_P(PGM_P msg),4,4,4,0,0,0,0,0,
C:\Users\Chris\Documents\GitHub\Sign_code_2018\main code\main\Due\libs\sdfatlib\SdFat\SdFat.cpp,SdFat::exists(const char* name),2,2,2,1,0,0,0,0,
C:\Users\Chris\Documents\GitHub\Sign_code_2018\main code\main\Due\libs\sdfatlib\SdFat\SdFat.cpp,SdFat::initErrorHalt(),3,3,3,1,0,0,0,0,
C:\Users\Chris\Documents\GitHub\Sign_code_2018\main code\main\Due\libs\sdfatlib\SdFat\SdFat.cpp,SdFat::initErrorHalt(char const *msg),3,3,3,0,0,0,0,0,
C:\Users\Chris\Documents\GitHub\Sign_code_2018\main code\main\Due\libs\sdfatlib\SdFat\SdFat.cpp,SdFat::initErrorHalt_P(PGM_P msg),3,3,3,0,0,0,0,0,
C:\Users\Chris\Documents\GitHub\Sign_code_2018\main code\main\Due\libs\sdfatlib\SdFat\SdFat.cpp,SdFat::initErrorPrint(),14,14,12,2,0,0,0,0,
C:\Users\Chris\Documents\GitHub\Sign_code_2018\main code\main\Due\libs\sdfatlib\SdFat\SdFat.cpp,SdFat::initErrorPrint(char const *msg),3,3,3,0,0,0,0,0,
C:\Users\Chris\Documents\GitHub\Sign_code_2018\main code\main\Due\libs\sdfatlib\SdFat\SdFat.cpp,SdFat::initErrorPrint_P(PGM_P msg),3,3,3,0,0,0,0,0,
C:\Users\Chris\Documents\GitHub\Sign_code_2018\main code\main\Due\libs\sdfatlib\SdFat\SdFat.cpp,SdFat::ls(uint8_t flags),2,2,2,0,0,0,0,0,
C:\Users\Chris\Documents\GitHub\Sign_code_2018\main code\main\Due\libs\sdfatlib\SdFat\SdFat.cpp,"SdFat::ls(Print* pr, uint8_t flags)",2,2,2,0,0,0,0,0,
C:\Users\Chris\Documents\GitHub\Sign_code_2018\main code\main\Due\libs\sdfatlib\SdFat\SdFat.cpp,"SdFat::mkdir(const char* path, bool pFlag)",3,3,3,1,0,0,0,0,
C:\Users\Chris\Documents\GitHub\Sign_code_2018\main code\main\Due\libs\sdfatlib\SdFat\SdFat.cpp,SdFat::remove(const char* path),2,2,2,1,0,0,0,0,
C:\Users\Chris\Documents\GitHub\Sign_code_2018\main code\main\Due\libs\sdfatlib\SdFat\SdFat.cpp,"SdFat::rename(const char *oldPath, const char *newPath)",4,4,4,2,0,0,0,0,
C:\Users\Chris\Documents\GitHub\Sign_code_2018\main code\main\Due\libs\sdfatlib\SdFat\SdFat.cpp,SdFat::rmdir(const char* path),4,4,4,2,0,0,0,0,
C:\Users\Chris\Documents\GitHub\Sign_code_2018\main code\main\Due\libs\sdfatlib\SdFat\SdFat.cpp,"SdFat::truncate(const char* path, uint32_t length)",4,4,4,2,0,0,0,0,
C:\Users\Chris\Documents\GitHub\Sign_code_2018\main code\main\Due\libs\sdfatlib\SdFat\SdFatUtil.cpp,SdFatUtil::FreeRam(),7,7,4,2,0,2,0,2,
C:\Users\Chris\Documents\GitHub\Sign_code_2018\main code\main\Due\libs\sdfatlib\SdFat\SdFatUtil.cpp,"SdFatUtil::print_P(Print* pr, PGM_P str)",2,2,2,1,0,0,0,0,
C:\Users\Chris\Documents\GitHub\Sign_code_2018\main code\main\Due\libs\sdfatlib\SdFat\SdFatUtil.cpp,"SdFatUtil::println_P(Print* pr, PGM_P str)",3,3,3,0,0,0,0,0,
C:\Users\Chris\Documents\GitHub\Sign_code_2018\main code\main\Due\libs\sdfatlib\SdFat\SdFatUtil.cpp,SdFatUtil::SerialPrint_P(PGM_P str),2,2,2,0,0,0,0,0,
C:\Users\Chris\Documents\GitHub\Sign_code_2018\main code\main\Due\libs\sdfatlib\SdFat\SdFatUtil.cpp,SdFatUtil::SerialPrintln_P(PGM_P str),2,2,2,0,0,0,0,0,
C:\Users\Chris\Documents\GitHub\Sign_code_2018\main code\main\Due\libs\sdfatlib\SdFat\SdFile.cpp,"SdFile::SdFile(const char* path, uint8_t oflag)",1,1,1,0,0,0,0,0,
C:\Users\Chris\Documents\GitHub\Sign_code_2018\main code\main\Due\libs\sdfatlib\SdFat\SdFile.cpp,"SdFile::write(const void* buf, size_t nbyte)",2,2,2,1,0,0,0,0,
C:\Users\Chris\Documents\GitHub\Sign_code_2018\main code\main\Due\libs\sdfatlib\SdFat\SdFile.cpp,SdFile::write(uint8_t b),2,2,2,1,0,0,0,0,
C:\Users\Chris\Documents\GitHub\Sign_code_2018\main code\main\Due\libs\sdfatlib\SdFat\SdFile.cpp,SdFile::write(const char* str),2,2,2,1,0,0,0,0,
C:\Users\Chris\Documents\GitHub\Sign_code_2018\main code\main\Due\libs\sdfatlib\SdFat\SdFile.cpp,SdFile::write_P(PGM_P str),2,2,2,1,0,0,0,0,
C:\Users\Chris\Documents\GitHub\Sign_code_2018\main code\main\Due\libs\sdfatlib\SdFat\SdFile.cpp,SdFile::writeln_P(PGM_P str),3,3,3,0,0,0,0,0,
C:\Users\Chris\Documents\GitHub\Sign_code_2018\main code\main\Due\libs\sdfatlib\SdFat\SdStream.cpp,SdStreamBase::getch(),16,16,14,7,0,0,0,0,
C:\Users\Chris\Documents\GitHub\Sign_code_2018\main code\main\Due\libs\sdfatlib\SdFat\SdStream.cpp,"SdStreamBase::open(const char* path, ios::openmode mode)",43,36,24,9,7,0,0,0,
C:\Users\Chris\Documents\GitHub\Sign_code_2018\main code\main\Due\libs\sdfatlib\SdFat\SdStream.cpp,SdStreamBase::putch(char c),6,6,5,2,0,0,0,0,
C:\Users\Chris\Documents\GitHub\Sign_code_2018\main code\main\Due\libs\sdfatlib\SdFat\SdStream.cpp,SdStreamBase::putstr(const char* str),14,14,12,5,0,0,0,0,
C:\Users\Chris\Documents\GitHub\Sign_code_2018\main code\main\Due\libs\sdfatlib\SdFat\SdStream.cpp,"SdStreamBase::seekoff(off_type off, seekdir way)",19,16,11,6,3,0,0,0,
C:\Users\Chris\Documents\GitHub\Sign_code_2018\main code\main\Due\libs\sdfatlib\SdFat\SdStream.cpp,SdStreamBase::seekpos(pos_type pos),2,2,2,1,0,0,0,0,
C:\Users\Chris\Documents\GitHub\Sign_code_2018\main code\main\Due\libs\sdfatlib\SdFat\SdStream.cpp,"SdStreamBase::write(const void* buf, size_t n)",2,2,2,1,0,0,0,0,
C:\Users\Chris\Documents\GitHub\Sign_code_2018\main code\main\Due\libs\sdfatlib\SdFat\SdStream.cpp,SdStreamBase::write(char c),2,2,2,0,0,0,0,0,
C:\Users\Chris\Documents\GitHub\Sign_code_2018\main code\main\Due\libs\sdfatlib\SdFat\SdVolume.cpp,"SdVolume::allocContiguous(uint32_t count, uint32_t* curCluster)",83,54,42,15,9,0,20,100,
C:\Users\Chris\Documents\GitHub\Sign_code_2018\main code\main\Due\libs\sdfatlib\SdFat\SdVolume.cpp,"SdVolume::cacheFetch(uint32_t blockNumber, uint8_t options)",2,2,2,1,0,0,0,0,
C:\Users\Chris\Documents\GitHub\Sign_code_2018\main code\main\Due\libs\sdfatlib\SdFat\SdVolume.cpp,"SdVolume::cacheFetchData(uint32_t blockNumber, uint8_t options)",20,19,14,6,1,0,0,0,
C:\Users\Chris\Documents\GitHub\Sign_code_2018\main code\main\Due\libs\sdfatlib\SdFat\SdVolume.cpp,"SdVolume::cacheFetchFat(uint32_t blockNumber, uint8_t options)",20,19,14,6,1,0,0,0,
C:\Users\Chris\Documents\GitHub\Sign_code_2018\main code\main\Due\libs\sdfatlib\SdFat\SdVolume.cpp,SdVolume::cacheSync(),2,2,2,1,0,0,0,0,
C:\Users\Chris\Documents\GitHub\Sign_code_2018\main code\main\Due\libs\sdfatlib\SdFat\SdVolume.cpp,SdVolume::cacheWriteData(),12,11,8,4,1,0,0,0,
C:\Users\Chris\Documents\GitHub\Sign_code_2018\main code\main\Due\libs\sdfatlib\SdFat\SdVolume.cpp,SdVolume::cacheWriteFat(),20,18,13,6,1,0,1,3,
C:\Users\Chris\Documents\GitHub\Sign_code_2018\main code\main\Due\libs\sdfatlib\SdFat\SdVolume.cpp,"SdVolume::cacheFetch(uint32_t blockNumber, uint8_t options)",20,19,14,6,1,0,0,0,
C:\Users\Chris\Documents\GitHub\Sign_code_2018\main code\main\Due\libs\sdfatlib\SdFat\SdVolume.cpp,"SdVolume::cacheFetchFat(uint32_t blockNumber, uint8_t options)",2,2,2,1,0,0,0,0,
C:\Users\Chris\Documents\GitHub\Sign_code_2018\main code\main\Due\libs\sdfatlib\SdFat\SdVolume.cpp,SdVolume::cacheSync(),20,18,13,6,1,0,1,3,
C:\Users\Chris\Documents\GitHub\Sign_code_2018\main code\main\Due\libs\sdfatlib\SdFat\SdVolume.cpp,SdVolume::cacheWriteData(),2,2,2,1,0,0,0,0,
C:\Users\Chris\Documents\GitHub\Sign_code_2018\main code\main\Due\libs\sdfatlib\SdFat\SdVolume.cpp,SdVolume::cacheInvalidate(),3,3,3,0,0,0,0,0,
C:\Users\Chris\Documents\GitHub\Sign_code_2018\main code\main\Due\libs\sdfatlib\SdFat\SdVolume.cpp,SdVolume::clusterStartBlock(uint32_t cluster) const,2,2,2,1,0,0,0,0,
C:\Users\Chris\Documents\GitHub\Sign_code_2018\main code\main\Due\libs\sdfatlib\SdFat\SdVolume.cpp,"SdVolume::fatGet(uint32_t cluster, uint32_t* value)",54,52,43,11,1,0,1,7,
C:\Users\Chris\Documents\GitHub\Sign_code_2018\main code\main\Due\libs\sdfatlib\SdFat\SdVolume.cpp,"SdVolume::fatPut(uint32_t cluster, uint32_t value)",64,60,49,13,2,0,2,9,
C:\Users\Chris\Documents\GitHub\Sign_code_2018\main code\main\Due\libs\sdfatlib\SdFat\SdVolume.cpp,SdVolume::freeChain(uint32_t cluster),24,17,14,4,5,0,2,6,
C:\Users\Chris\Documents\GitHub\Sign_code_2018\main code\main\Due\libs\sdfatlib\SdFat\SdVolume.cpp,SdVolume::freeClusterCount(),45,42,33,14,2,0,1,3,
C:\Users\Chris\Documents\GitHub\Sign_code_2018\main code\main\Due\libs\sdfatlib\SdFat\SdVolume.cpp,"SdVolume::init(Sd2Card* dev, uint8_t part)",103,82,62,13,8,3,13,103,
C:\Users\Chris\Documents\GitHub\Sign_code_2018\main code\main\Due\libs\sdfatlib\SdFat\ios.h,boolalpha(ios_base& str),3,3,3,1,0,0,0,0,
C:\Users\Chris\Documents\GitHub\Sign_code_2018\main code\main\Due\libs\sdfatlib\SdFat\ios.h,dec(ios_base& str),3,3,3,1,0,0,0,0,
C:\Users\Chris\Documents\GitHub\Sign_code_2018\main code\main\Due\libs\sdfatlib\SdFat\ios.h,hex(ios_base& str),3,3,3,1,0,0,0,0,
C:\Users\Chris\Documents\GitHub\Sign_code_2018\main code\main\Due\libs\sdfatlib\SdFat\ios.h,internal(ios_base& str),3,3,3,1,0,0,0,0,
C:\Users\Chris\Documents\GitHub\Sign_code_2018\main code\main\Due\libs\sdfatlib\SdFat\ios.h,left(ios_base& str),3,3,3,1,0,0,0,0,
C:\Users\Chris\Documents\GitHub\Sign_code_2018\main code\main\Due\libs\sdfatlib\SdFat\ios.h,noboolalpha(ios_base& str),3,3,3,1,0,0,0,0,
C:\Users\Chris\Documents\GitHub\Sign_code_2018\main code\main\Due\libs\sdfatlib\SdFat\ios.h,noshowbase(ios_base& str),3,3,3,1,0,0,0,0,
C:\Users\Chris\Documents\GitHub\Sign_code_2018\main code\main\Due\libs\sdfatlib\SdFat\ios.h,noshowpoint(ios_base& str),3,3,3,1,0,0,0,0,
C:\Users\Chris\Documents\GitHub\Sign_code_2018\main code\main\Due\libs\sdfatlib\SdFat\ios.h,noshowpos(ios_base& str),3,3,3,1,0,0,0,0,
C:\Users\Chris\Documents\GitHub\Sign_code_2018\main code\main\Due\libs\sdfatlib\SdFat\ios.h,noskipws(ios_base& str),3,3,3,1,0,0,0,0,
C:\Users\Chris\Documents\GitHub\Sign_code_2018\main code\main\Due\libs\sdfatlib\SdFat\ios.h,nouppercase(ios_base& str),3,3,3,1,0,0,0,0,
C:\Users\Chris\Documents\GitHub\Sign_code_2018\main code\main\Due\libs\sdfatlib\SdFat\ios.h,oct(ios_base& str),3,3,3,1,0,0,0,0,
C:\Users\Chris\Documents\GitHub\Sign_code_2018\main code\main\Due\libs\sdfatlib\SdFat\ios.h,right(ios_base& str),3,3,3,1,0,0,0,0,
C:\Users\Chris\Documents\GitHub\Sign_code_2018\main code\main\Due\libs\sdfatlib\SdFat\ios.h,showbase(ios_base& str),3,3,3,1,0,0,0,0,
C:\Users\Chris\Documents\GitHub\Sign_code_2018\main code\main\Due\libs\sdfatlib\SdFat\ios.h,showpos(ios_base& str),3,3,3,1,0,0,0,0,
C:\Users\Chris\Documents\GitHub\Sign_code_2018\main code\main\Due\libs\sdfatlib\SdFat\ios.h,showpoint(ios_base& str),3,3,3,1,0,0,0,0,
C:\Users\Chris\Documents\GitHub\Sign_code_2018\main code\main\Due\libs\sdfatlib\SdFat\ios.h,skipws(ios_base& str),3,3,3,1,0,0,0,0,
C:\Users\Chris\Documents\GitHub\Sign_code_2018\main code\main\Due\libs\sdfatlib\SdFat\ios.h,uppercase(ios_base& str),3,3,3,1,0,0,0,0,
C:\Users\Chris\Documents\GitHub\Sign_code_2018\main code\main\Due\libs\sdfatlib\SdFat\iostream.h,ws(istream& is),3,3,3,1,0,0,0,0,
C:\Users\Chris\Documents\GitHub\Sign_code_2018\main code\main\Due\libs\sdfatlib\SdFat\iostream.h,endl(ostream& os),6,6,4,1,0,1,0,1,
C:\Users\Chris\Documents\GitHub\Sign_code_2018\main code\main\Due\libs\sdfatlib\SdFat\iostream.h,flush(ostream& os),3,3,3,1,0,0,0,0,
C:\Users\Chris\Documents\GitHub\Sign_code_2018\main code\main\Due\libs\sdfatlib\SdFat\iostream.h,"operator<<(ostream &os, const setfill &arg)",3,3,3,1,0,0,0,0,
C:\Users\Chris\Documents\GitHub\Sign_code_2018\main code\main\Due\libs\sdfatlib\SdFat\iostream.h,"operator>>(istream &obj, const setfill &arg)",3,3,3,1,0,0,0,0,
C:\Users\Chris\Documents\GitHub\Sign_code_2018\main code\main\Due\libs\sdfatlib\SdFat\iostream.h,"operator<<(ostream &os, const setprecision &arg)",3,3,3,1,0,0,0,0,
C:\Users\Chris\Documents\GitHub\Sign_code_2018\main code\main\Due\libs\sdfatlib\SdFat\iostream.h,"operator>>(istream &is, const setprecision &arg)",3,3,3,1,0,0,0,0,
C:\Users\Chris\Documents\GitHub\Sign_code_2018\main code\main\Due\libs\sdfatlib\SdFat\iostream.h,"operator<<(ostream &os, const setw &arg)",3,3,3,1,0,0,0,0,
C:\Users\Chris\Documents\GitHub\Sign_code_2018\main code\main\Due\libs\sdfatlib\SdFat\iostream.h,"operator>>(istream &is, const setw &arg)",3,3,3,1,0,0,0,0,
C:\Users\Chris\Documents\GitHub\Sign_code_2018\main code\main\Due\libs\sdfatlib\SdFat\istream.h,istream::getNumber(T* value),16,13,10,3,0,0,3,21,
C:\Users\Chris\Documents\GitHub\Sign_code_2018\main code\main\Due\libs\sdfatlib\SdFat\SdBaseFile.h,"FAT_DATE(uint16_t year, uint8_t month, uint8_t day)",2,2,2,1,0,0,0,0,
C:\Users\Chris\Documents\GitHub\Sign_code_2018\main code\main\Due\libs\sdfatlib\SdFat\SdBaseFile.h,FAT_YEAR(uint16_t fatDate),2,2,2,1,0,0,0,0,
C:\Users\Chris\Documents\GitHub\Sign_code_2018\main code\main\Due\libs\sdfatlib\SdFat\SdBaseFile.h,FAT_MONTH(uint16_t fatDate),2,2,2,1,0,0,0,0,
C:\Users\Chris\Documents\GitHub\Sign_code_2018\main code\main\Due\libs\sdfatlib\SdFat\SdBaseFile.h,FAT_DAY(uint16_t fatDate),2,2,2,1,0,0,0,0,
C:\Users\Chris\Documents\GitHub\Sign_code_2018\main code\main\Due\libs\sdfatlib\SdFat\SdBaseFile.h,"FAT_TIME(uint8_t hour, uint8_t minute, uint8_t second)",2,2,2,1,0,0,0,0,
C:\Users\Chris\Documents\GitHub\Sign_code_2018\main code\main\Due\libs\sdfatlib\SdFat\SdBaseFile.h,FAT_HOUR(uint16_t fatTime),2,2,2,1,0,0,0,0,
C:\Users\Chris\Documents\GitHub\Sign_code_2018\main code\main\Due\libs\sdfatlib\SdFat\SdBaseFile.h,FAT_MINUTE(uint16_t fatTime),2,2,2,1,0,0,0,0,
C:\Users\Chris\Documents\GitHub\Sign_code_2018\main code\main\Due\libs\sdfatlib\SdFat\SdBaseFile.h,FAT_SECOND(uint16_t fatTime),2,2,2,1,0,0,0,0,
C:\Users\Chris\Documents\GitHub\Sign_code_2018\main code\main\Due\libs\sdfatlib\SdFat\SdFatStructs.h,DIR_IS_LONG_NAME(const dir_t* dir),2,2,2,1,0,0,0,0,
C:\Users\Chris\Documents\GitHub\Sign_code_2018\main code\main\Due\libs\sdfatlib\SdFat\SdFatStructs.h,DIR_IS_FILE(const dir_t* dir),2,2,2,1,0,0,0,0,
C:\Users\Chris\Documents\GitHub\Sign_code_2018\main code\main\Due\libs\sdfatlib\SdFat\SdFatStructs.h,DIR_IS_SUBDIR(const dir_t* dir),2,2,2,1,0,0,0,0,
C:\Users\Chris\Documents\GitHub\Sign_code_2018\main code\main\Due\libs\sdfatlib\SdFat\SdFatStructs.h,DIR_IS_FILE_OR_SUBDIR(const dir_t* dir),2,2,2,1,0,0,0,0,
C:\Users\Chris\Documents\GitHub\Sign_code_2018\main code\main\Due\libs\sdfatlib\SdFat\utility\DigitalPin.h,badPinCheck(uint8_t pin),4,4,3,1,0,0,0,0,
C:\Users\Chris\Documents\GitHub\Sign_code_2018\main code\main\Due\libs\sdfatlib\SdFat\utility\DigitalPin.h,"fastBitWriteSafe(volatile uint8_t* address, uint8_t bit, bool level)",14,14,11,3,0,0,0,0,
C:\Users\Chris\Documents\GitHub\Sign_code_2018\main code\main\Due\libs\sdfatlib\SdFat\utility\DigitalPin.h,fastDigitalRead(uint8_t pin),3,3,3,1,0,0,0,0,
C:\Users\Chris\Documents\GitHub\Sign_code_2018\main code\main\Due\libs\sdfatlib\SdFat\utility\DigitalPin.h,fastDigitalToggle(uint8_t pin),9,7,6,1,0,0,2,18,
C:\Users\Chris\Documents\GitHub\Sign_code_2018\main code\main\Due\libs\sdfatlib\SdFat\utility\DigitalPin.h,"fastDigitalWrite(uint8_t pin, bool level)",3,3,3,0,0,0,0,0,
C:\Users\Chris\Documents\GitHub\Sign_code_2018\main code\main\Due\libs\sdfatlib\SdFat\utility\DigitalPin.h,"fastPinMode(uint8_t pin, bool mode)",3,3,3,0,0,0,0,0,
C:\Users\Chris\Documents\GitHub\Sign_code_2018\main code\main\Due\libs\sdfatlib\SdFat\utility\DigitalPin.h,"fastPinConfig(uint8_t pin, bool mode, bool level)",3,3,3,0,0,0,0,0,
C:\Users\Chris\Documents\GitHub\Sign_code_2018\main code\main\Due\libs\soft_uart-master\soft_uart.cpp,tc_timer_table[static_cast<uint32_t>(timer_ids::TIMER_IDS),10,10,10,0,0,0,0,0,
C:\Users\Chris\Documents\GitHub\Sign_code_2018\main code\main\Due\libs\soft_uart-master\soft_uart.h,"TX_BUFFER_LENGTH     > return_codes uart<TIMER,RX_BUFFER_LENGTH,TX_BUFFER_LENGTH>::_uart_ctx_::config( uint32_t the_rx_pin, uint32_t the_tx_pin, uint32_t the_bit_rate, data_bit_codes the_data_bits, parity_codes the_parity, stop_bit_codes the_stop_bits )",88,62,39,3,19,7,7,65,
C:\Users\Chris\Documents\GitHub\Sign_code_2018\main code\main\Due\libs\soft_uart-master\soft_uart.h,"TX_BUFFER_LENGTH     > void uart<TIMER,RX_BUFFER_LENGTH,TX_BUFFER_LENGTH>::_uart_ctx_::tc_interrupt( uint32_t the_status )",75,61,30,15,10,0,4,10,
C:\Users\Chris\Documents\GitHub\Sign_code_2018\main code\main\Due\libs\soft_uart-master\soft_uart.h,"TX_BUFFER_LENGTH     > void uart<TIMER,RX_BUFFER_LENGTH,TX_BUFFER_LENGTH>::_uart_ctx_::rx_interrupt()",34,30,15,6,4,0,0,0,
C:\Users\Chris\Documents\GitHub\Sign_code_2018\main code\main\Due\libs\soft_uart-master\soft_uart.h,"TX_BUFFER_LENGTH     > uint32_t uart<TIMER,RX_BUFFER_LENGTH,TX_BUFFER_LENGTH>::_uart_ctx_::get_rx_data( uint32_t& data )",59,39,19,6,13,0,7,37,
C:\Users\Chris\Documents\GitHub\Sign_code_2018\main code\main\Due\libs\soft_uart-master\soft_uart.h,"TX_BUFFER_LENGTH     > bool uart<TIMER,RX_BUFFER_LENGTH,TX_BUFFER_LENGTH>::_uart_ctx_::set_tx_data( uint32_t data )",54,37,25,7,14,0,3,13,
